a,b,answer,wrong1,wrong2,difficulty,type
10,7,3,5,1,0,subtraction
20,2,22,24,20,0,addition
19,4,15,16,14,0,subtraction
18,4,22,23,21,1,addition
16,13,3,4,2,0,subtraction
15,9,24,26,22,1,addition
15,8,7,8,6,1,subtraction
5,0,5,6,4,1,subtraction
4,14,18,20,16,1,addition
4,4,8,9,7,0,addition
4,2,2,3,1,1,subtraction
17,7,10,12,8,1,subtraction
6,0,6,8,4,1,addition
16,20,36,37,35,0,addition
19,7,12,13,11,1,subtraction
6,4,2,4,0,0,subtraction
14,2,16,17,15,0,addition
9,2,11,12,10,1,addition
11,8,3,4,2,1,subtraction
16,1,15,17,13,1,subtraction
4,1,3,5,1,0,subtraction
11,1,12,13,11,0,addition
12,9,3,5,1,0,subtraction
14,3,17,18,16,0,addition
1,14,15,17,13,0,addition
12,0,12,14,10,1,subtraction
14,18,32,33,31,0,addition
19,17,2,4,0,0,subtraction
8,9,17,18,16,1,addition
7,6,13,15,11,0,addition
8,5,3,5,1,1,subtraction
9,2,7,9,5,1,subtraction
16,12,4,5,3,0,subtraction
16,16,0,1,-1,1,subtraction
16,15,1,2,0,0,subtraction
7,20,27,29,25,0,addition
17,17,34,35,33,0,addition
19,3,16,18,14,1,subtraction
15,3,18,19,17,1,addition
2,9,11,12,10,1,addition
7,19,26,27,25,0,addition
19,5,14,16,12,1,subtraction
18,18,36,37,35,0,addition
17,13,4,6,2,0,subtraction
13,9,4,6,2,1,subtraction
13,2,11,12,10,1,subtraction
18,6,12,14,10,0,subtraction
20,5,15,17,13,1,subtraction
12,1,13,15,11,1,addition
0,2,2,3,1,0,addition
8,6,14,15,13,0,addition
10,17,27,28,26,1,addition
17,3,14,16,12,0,subtraction
16,2,18,19,17,0,addition
20,0,20,21,19,1,subtraction
10,6,4,5,3,1,subtraction
14,2,12,14,10,0,subtraction
20,2,18,19,17,0,subtraction
2,2,4,6,2,0,addition
13,8,5,7,3,1,subtraction
14,10,4,5,3,0,subtraction
16,16,32,33,31,1,addition
17,5,22,24,20,1,addition
14,2,12,13,11,0,subtraction
10,14,24,26,22,1,addition
7,6,1,3,-1,0,subtraction
8,8,0,1,-1,1,subtraction
14,13,1,3,-1,0,subtraction
15,13,28,30,26,1,addition
8,1,7,8,6,0,subtraction
8,12,20,21,19,1,addition
9,10,19,21,17,1,addition
8,16,24,26,22,0,addition
11,12,23,25,21,0,addition
13,6,19,20,18,0,addition
18,11,7,9,5,1,subtraction
13,9,22,23,21,0,addition
14,1,15,16,14,0,addition
20,18,38,39,37,1,addition
12,4,16,18,14,0,addition
7,2,9,11,7,0,addition
4,2,6,7,5,1,addition
13,3,16,18,14,1,addition
12,0,12,14,10,1,addition
6,18,24,26,22,1,addition
18,4,14,15,13,0,subtraction
20,15,35,36,34,1,addition
17,16,1,2,0,0,subtraction
0,0,0,1,-1,0,addition
2,13,15,16,14,0,addition
20,1,21,22,20,0,addition
18,3,15,17,13,0,subtraction
6,10,16,17,15,0,addition
11,11,22,23,21,0,addition
20,12,32,33,31,0,addition
7,6,1,2,0,1,subtraction
15,7,22,23,21,0,addition
14,14,0,2,-2,1,subtraction
10,9,19,21,17,0,addition
20,9,11,12,10,1,subtraction
12,9,21,22,20,1,addition
6,6,12,13,11,1,addition
2,17,19,20,18,1,addition
15,1,14,16,12,0,subtraction
15,15,0,1,-1,0,subtraction
19,15,4,5,3,0,subtraction
15,13,2,4,0,1,subtraction
20,2,18,20,16,0,subtraction
7,17,24,26,22,1,addition
8,3,5,7,3,0,subtraction
5,2,3,4,2,1,subtraction
13,5,8,9,7,0,subtraction
11,8,3,4,2,0,subtraction
19,2,17,18,16,1,subtraction
11,7,4,6,2,0,subtraction
3,14,17,19,15,0,addition
5,4,1,3,-1,1,subtraction
11,7,18,20,16,0,addition
2,8,10,11,9,0,addition
10,8,2,3,1,1,subtraction
13,6,7,8,6,0,subtraction
19,6,13,15,11,0,subtraction
15,5,10,11,9,1,subtraction
9,0,9,11,7,0,subtraction
2,14,16,17,15,0,addition
20,13,33,35,31,0,addition
8,0,8,10,6,0,addition
16,14,2,3,1,0,subtraction
18,10,8,10,6,0,subtraction
19,19,38,40,36,0,addition
5,15,20,22,18,0,addition
13,4,9,10,8,1,subtraction
16,3,13,14,12,0,subtraction
11,4,7,9,5,0,subtraction
15,20,35,36,34,0,addition
9,4,5,7,3,1,subtraction
7,4,11,12,10,0,addition
18,4,14,16,12,0,subtraction
18,0,18,19,17,1,addition
20,0,20,22,18,1,subtraction
13,3,10,12,8,1,subtraction
19,8,11,13,9,0,subtraction
15,3,12,14,10,1,subtraction
4,13,17,19,15,1,addition
3,1,2,4,0,0,subtraction
8,4,4,5,3,1,subtraction
16,10,6,7,5,0,subtraction
9,11,20,22,18,1,addition
13,13,0,1,-1,1,subtraction
0,13,13,15,11,1,addition
9,4,5,6,4,0,subtraction
16,3,19,21,17,0,addition
19,4,15,16,14,0,subtraction
10,1,9,10,8,0,subtraction
7,5,2,3,1,0,subtraction
15,17,32,34,30,1,addition
7,0,7,9,5,1,subtraction
11,5,6,7,5,0,subtraction
17,15,2,4,0,1,subtraction
3,3,0,2,-2,1,subtraction
17,1,18,19,17,0,addition
4,7,11,13,9,0,addition
20,7,13,15,11,0,subtraction
20,3,23,25,21,0,addition
12,17,29,30,28,0,addition
13,2,15,17,13,0,addition
0,4,4,5,3,1,addition
0,16,16,17,15,0,addition
2,1,1,3,-1,1,subtraction
10,0,10,12,8,0,addition
17,2,15,16,14,1,subtraction
3,6,9,10,8,0,addition
16,2,14,16,12,0,subtraction
9,5,14,16,12,1,addition
8,15,23,24,22,0,addition
10,2,12,14,10,1,addition
19,3,16,17,15,1,subtraction
5,5,0,2,-2,1,subtraction
6,3,3,5,1,0,subtraction
4,3,1,2,0,0,subtraction
1,16,17,18,16,0,addition
9,16,25,27,23,0,addition
15,15,30,31,29,0,addition
20,3,17,19,15,0,subtraction
17,8,9,10,8,0,subtraction
14,5,9,10,8,1,subtraction
9,1,8,10,6,1,subtraction
10,7,3,5,1,1,subtraction
5,3,8,9,7,1,addition
15,19,34,36,32,1,addition
8,20,28,29,27,0,addition
18,9,9,10,8,1,subtraction
1,11,12,13,11,1,addition
13,3,10,11,9,1,subtraction
18,12,6,7,5,1,subtraction
12,0,12,14,10,0,subtraction
14,0,14,16,12,0,subtraction
0,17,17,18,16,0,addition
5,5,10,12,8,1,addition
9,8,1,2,0,0,subtraction
11,13,24,25,23,0,addition
11,16,27,29,25,1,addition
9,5,4,5,3,0,subtraction
20,17,37,39,35,1,addition
20,1,19,21,17,1,subtraction
19,9,10,12,8,0,subtraction
2,11,13,14,12,1,addition
5,7,12,14,10,1,addition
17,0,17,18,16,0,subtraction
12,15,27,29,25,1,addition
18,1,17,19,15,1,subtraction
19,18,37,38,36,1,addition
18,13,5,6,4,1,subtraction
7,3,10,11,9,0,addition
16,6,10,11,9,0,subtraction
9,4,5,7,3,1,subtraction
18,5,23,25,21,0,addition
4,18,22,24,20,0,addition
10,5,15,17,13,0,addition
15,6,9,10,8,1,subtraction
17,16,1,3,-1,0,subtraction
3,16,19,20,18,1,addition
17,9,26,27,25,0,addition
16,15,31,33,29,0,addition
7,9,16,17,15,1,addition
3,5,15,18,12,4,multiplication
90,52,38,45,31,4,subtraction
58,12,46,54,38,4,subtraction
14,86,100,107,93,2,addition
30,6,5,15,-5,3,division
86,67,19,29,9,2,subtraction
55,11,5,14,-4,2,division
88,1,87,95,79,3,subtraction
1,10,10,20,0,2,multiplication
87,56,31,35,27,4,subtraction
60,5,12,18,6,4,division
43,51,94,102,86,3,addition
58,10,48,52,44,4,subtraction
46,30,76,83,69,4,addition
57,1,56,59,53,2,subtraction
55,11,5,8,2,4,division
84,63,21,26,16,2,subtraction
2,5,10,19,1,2,multiplication
98,11,87,90,84,4,subtraction
4,2,8,12,4,4,multiplication
8,6,48,53,43,4,multiplication
37,20,57,65,49,2,addition
66,11,6,10,2,4,division
80,38,42,48,36,2,subtraction
4,1,4,14,-6,2,multiplication
39,4,35,44,26,4,subtraction
42,6,7,15,-1,3,division
80,53,27,35,19,4,subtraction
2,9,18,23,13,3,multiplication
10,36,46,55,37,3,addition
48,82,130,140,120,2,addition
45,82,127,137,117,3,addition
10,5,2,5,-1,4,division
24,72,96,102,90,4,addition
40,5,8,16,0,2,division
19,70,89,93,85,3,addition
76,20,96,105,87,3,addition
30,5,6,13,-1,3,division
12,4,3,7,-1,4,division
86,29,115,125,105,2,addition
14,7,2,12,-8,4,division
36,19,17,21,13,3,subtraction
13,7,6,15,-3,3,subtraction
27,8,19,22,16,2,subtraction
94,94,0,6,-6,2,subtraction
100,4,96,101,91,2,subtraction
7,8,56,60,52,3,multiplication
80,51,29,35,23,3,subtraction
94,43,137,144,130,2,addition
12,12,1,11,-9,4,division
48,52,100,109,91,4,addition
19,92,111,120,102,2,addition
1,3,3,13,-7,2,multiplication
68,67,1,8,-6,4,subtraction
72,9,8,13,3,3,division
56,7,8,18,-2,3,division
50,5,10,19,1,2,division
10,10,100,106,94,2,multiplication
12,21,33,43,23,3,addition
14,28,42,52,32,4,addition
9,3,3,7,-1,4,division
14,14,28,37,19,2,addition
15,5,3,7,-1,2,division
8,2,4,11,-3,2,division
7,1,7,10,4,2,multiplication
5,10,50,56,44,2,multiplication
7,4,28,38,18,3,multiplication
2,7,14,21,7,2,multiplication
10,7,70,77,63,4,multiplication
69,35,104,112,96,3,addition
9,7,63,69,57,2,multiplication
2,6,12,21,3,2,multiplication
2,10,20,26,14,4,multiplication
96,12,8,14,2,4,division
1,6,6,14,-2,3,multiplication
50,47,3,12,-6,3,subtraction
44,11,4,10,-2,4,division
48,12,4,10,-2,4,division
66,20,46,55,37,4,subtraction
98,25,73,80,66,3,subtraction
51,33,18,27,9,4,subtraction
80,39,119,126,112,4,addition
6,9,54,58,50,4,multiplication
7,66,73,79,67,2,addition
71,39,32,42,22,3,subtraction
90,90,180,183,177,2,addition
7,26,33,38,28,3,addition
8,48,56,65,47,3,addition
86,79,7,16,-2,4,subtraction
90,5,85,95,75,4,subtraction
110,11,10,17,3,2,division
30,34,64,74,54,4,addition
92,68,160,166,154,3,addition
3,10,30,33,27,3,multiplication
79,72,7,15,-1,3,subtraction
10,5,2,8,-4,2,division
7,6,42,45,39,2,multiplication
2,3,6,16,-4,2,multiplication
67,4,63,70,56,2,subtraction
89,16,73,79,67,2,subtraction
70,10,7,16,-2,4,division
26,5,21,25,17,4,subtraction
94,51,145,149,141,2,addition
66,55,11,19,3,3,subtraction
2,1,2,7,-3,3,division
99,11,9,14,4,2,division
55,2,53,56,50,2,subtraction
8,27,35,38,32,4,addition
48,12,4,7,1,2,division
61,69,130,139,121,3,addition
30,5,6,11,1,4,division
70,53,17,22,12,2,subtraction
1,41,42,46,38,4,addition
5,6,30,40,20,4,multiplication
85,61,24,27,21,3,subtraction
59,48,107,116,98,2,addition
67,28,39,48,30,2,subtraction
85,45,40,44,36,3,subtraction
99,86,13,21,5,3,subtraction
69,8,61,70,52,2,subtraction
65,28,93,98,88,2,addition
61,93,154,164,144,3,addition
98,88,10,15,5,3,subtraction
100,74,26,36,16,4,subtraction
83,72,155,161,149,3,addition
30,3,10,13,7,2,division
87,73,160,164,156,3,addition
16,2,8,16,0,2,division
9,3,27,30,24,4,multiplication
94,50,144,151,137,2,addition
5,3,15,21,9,4,multiplication
96,77,19,24,14,3,subtraction
15,5,3,7,-1,3,division
1,9,9,12,6,4,multiplication
66,35,101,104,98,2,addition
100,93,7,12,2,2,subtraction
38,18,20,29,11,3,subtraction
9,1,9,16,2,2,multiplication
76,52,128,135,121,4,addition
77,90,167,175,159,3,addition
80,72,8,17,-1,4,subtraction
20,2,10,14,6,3,division
9,5,45,49,41,2,multiplication
87,69,18,27,9,2,subtraction
75,8,83,89,77,2,addition
92,55,37,44,30,2,subtraction
36,9,4,9,-1,2,division
66,65,131,135,127,4,addition
50,43,7,13,1,2,subtraction
56,3,53,59,47,4,subtraction
20,64,84,92,76,3,addition
3,1,3,10,-4,3,multiplication
93,12,81,88,74,3,subtraction
3,0,3,7,-1,2,subtraction
29,25,4,11,-3,4,subtraction
5,8,40,43,37,2,multiplication
8,2,4,14,-6,2,division
22,11,33,39,27,4,addition
8,2,4,8,0,2,division
12,3,4,10,-2,4,division
88,36,52,58,46,3,subtraction
15,84,99,107,91,3,addition
89,42,47,53,41,4,subtraction
108,9,12,15,9,3,division
25,95,120,124,116,3,addition
29,79,108,113,103,4,addition
4,8,32,40,24,4,multiplication
34,78,112,117,107,2,addition
81,80,1,10,-8,3,subtraction
75,34,41,49,33,2,subtraction
3,8,24,33,15,2,multiplication
35,56,91,98,84,2,addition
12,1,12,20,4,2,division
88,8,80,83,77,2,subtraction
98,28,70,74,66,3,subtraction
10,2,20,27,13,3,multiplication
5,7,35,39,31,4,multiplication
27,51,78,88,68,4,addition
49,7,7,13,1,2,division
18,3,6,11,1,4,division
80,54,26,29,23,3,subtraction
88,27,61,67,55,2,subtraction
49,48,1,8,-6,3,subtraction
93,37,56,65,47,3,subtraction
36,6,6,16,-4,4,division
100,34,134,139,129,3,addition
9,9,81,84,78,2,multiplication
23,26,49,58,40,4,addition
38,46,84,87,81,4,addition
90,52,142,149,135,4,addition
6,8,48,56,40,3,multiplication
23,7,30,34,26,2,addition
35,17,18,22,14,3,subtraction
33,76,109,117,101,3,addition
21,12,9,16,2,2,subtraction
43,35,8,18,-2,4,subtraction
4,10,40,49,31,4,multiplication
80,8,72,76,68,4,subtraction
120,10,12,20,4,4,division
97,52,45,50,40,4,subtraction
87,10,77,82,72,4,subtraction
41,74,115,123,107,4,addition
85,55,140,144,136,3,addition
70,91,161,171,151,4,addition
48,94,142,147,137,2,addition
93,32,125,133,117,4,addition
16,4,4,10,-2,4,division
44,11,4,10,-2,2,division
89,5,84,89,79,3,subtraction
79,73,6,13,-1,4,subtraction
15,3,5,12,-2,2,division
33,2,35,41,29,3,addition
7,2,14,17,11,2,multiplication
93,70,23,33,13,2,subtraction
88,53,35,45,25,4,subtraction
31,7,24,31,17,4,subtraction
77,19,58,61,55,4,subtraction
25,5,5,9,1,4,division
1,1,1,6,-4,2,division
70,62,132,140,124,4,addition
87,17,70,76,64,3,subtraction
64,8,8,11,5,4,division
3,3,9,12,6,4,multiplication
45,60,105,113,97,3,addition
48,4,12,20,4,2,division
8,9,72,82,62,4,multiplication
8,10,80,83,77,2,multiplication
10,8,80,88,72,4,multiplication
16,11,5,14,-4,2,subtraction
1,4,4,12,-4,2,multiplication
6,4,24,31,17,3,multiplication
87,35,52,61,43,3,subtraction
121,11,11,20,2,4,division
97,88,185,189,181,2,addition
90,9,10,14,6,4,division
18,62,80,86,74,3,addition
76,66,10,19,1,4,subtraction
59,55,4,14,-6,3,subtraction
49,38,11,16,6,3,subtraction
1,7,7,10,4,2,multiplication
91,51,40,48,32,3,subtraction
12,3,4,12,-4,2,division
65,59,6,14,-2,4,subtraction
61,26,35,44,26,4,subtraction
9,8,72,79,65,3,multiplication
10,3,30,39,21,2,multiplication
2,8,16,25,7,3,multiplication
86,52,138,143,133,4,addition
4,86,90,95,85,4,addition
81,9,9,14,4,3,division
60,6,10,17,3,4,division
40,5,8,16,0,4,division
33,3,11,18,4,2,division
4,4,0,3,-3,4,subtraction
94,7,101,104,98,2,addition
40,2,38,45,31,4,subtraction
7,7,49,53,45,2,multiplication
48,16,32,36,28,2,subtraction
95,77,18,21,15,3,subtraction
90,9,10,19,1,3,division
55,5,50,56,44,2,subtraction
40,8,5,14,-4,2,division
5,2,10,17,3,3,multiplication
90,7,83,89,77,3,subtraction
81,9,9,13,5,3,division
54,79,133,143,123,3,addition
65,94,159,166,152,4,addition
46,9,37,45,29,4,subtraction
21,12,9,16,2,4,subtraction
57,16,41,45,37,2,subtraction
24,8,3,13,-7,3,division
4,19,23,27,19,3,addition
81,8,73,78,68,3,subtraction
53,51,2,12,-8,4,subtraction
1,2,2,12,-8,2,multiplication
57,35,22,25,19,3,subtraction
44,91,135,139,131,3,addition
93,6,87,95,79,2,subtraction
44,4,11,16,6,3,division
0,7,7,17,-3,3,addition
6,1,6,15,-3,2,multiplication
91,40,51,54,48,3,subtraction
70,53,123,130,116,2,addition
4,9,36,39,33,4,multiplication
76,92,168,176,160,3,addition
73,22,51,55,47,3,subtraction
16,2,8,13,3,4,division
36,67,103,113,93,4,addition
11,54,65,73,57,2,addition
61,24,37,40,34,2,subtraction
6,99,105,108,102,2,addition
98,89,187,190,184,2,addition
69,61,130,133,127,4,addition
53,44,9,17,1,2,subtraction
14,7,2,7,-3,4,division
10,1,10,19,1,4,multiplication
10,9,90,98,82,3,multiplication
86,16,70,80,60,2,subtraction
42,22,64,67,61,3,addition
49,18,67,76,58,3,addition
2,2,4,10,-2,2,multiplication
79,4,83,91,75,4,addition
73,0,73,77,69,4,addition
94,37,57,67,47,4,subtraction
16,4,4,12,-4,4,division
81,9,9,12,6,2,division
7,9,63,70,56,3,multiplication
91,74,17,21,13,2,subtraction
10,5,50,56,44,2,multiplication
2,1,2,12,-8,4,multiplication
93,62,31,41,21,2,subtraction
99,50,149,154,144,4,addition
22,88,110,117,103,3,addition
49,41,8,12,4,4,subtraction
10,1,10,15,5,2,division
92,82,174,181,167,3,addition
18,35,53,59,47,3,addition
5,45,50,60,40,4,addition
62,45,107,112,102,3,addition
10,1,10,16,4,3,division
65,63,2,6,-2,4,subtraction
92,42,50,54,46,2,subtraction
8,7,56,62,50,2,multiplication
9,1,9,14,4,3,division
97,84,13,22,4,3,subtraction
36,14,22,32,12,2,subtraction
95,79,16,24,8,3,subtraction
14,69,83,93,73,2,addition
79,2,77,84,70,4,subtraction
62,20,82,88,76,2,addition
93,63,30,38,22,4,subtraction
52,16,68,73,63,4,addition
23,98,121,129,113,2,addition
22,11,2,10,-6,4,division
6,2,12,16,8,2,multiplication
57,10,47,55,39,3,subtraction
93,38,55,59,51,3,subtraction
70,49,21,27,15,3,subtraction
10,10,1,5,-3,4,division
35,6,29,35,23,2,subtraction
21,7,3,12,-6,4,division
92,50,42,48,36,3,subtraction
24,3,8,11,5,2,division
70,52,18,26,10,3,subtraction
16,50,66,75,57,4,addition
11,28,39,42,36,3,addition
42,63,105,115,95,3,addition
12,1,12,17,7,4,division
60,5,12,16,8,3,division
52,69,121,130,112,4,addition
90,61,29,38,20,4,subtraction
4,5,9,13,5,3,addition
45,39,6,14,-2,3,subtraction
76,9,67,70,64,2,subtraction
28,16,12,22,2,3,subtraction
93,3,96,99,93,3,addition
66,11,6,16,-4,2,division
50,84,134,141,127,4,addition
72,0,72,76,68,3,addition
56,32,24,30,18,4,subtraction
7,7,1,10,-8,2,division
8,2,6,13,-1,2,subtraction
56,66,122,132,112,4,addition
6,6,36,44,28,2,multiplication
27,18,9,19,-1,2,subtraction
90,4,86,94,78,4,subtraction
1,51,52,61,43,4,addition
89,6,95,102,88,4,addition
83,52,31,39,23,2,subtraction
61,42,19,26,12,3,subtraction
80,8,10,17,3,3,division
94,31,63,66,60,4,subtraction
0,21,21,25,17,2,addition
3,74,77,86,68,3,addition
49,59,108,112,104,2,addition
89,4,85,94,76,2,subtraction
40,5,8,16,0,3,division
96,18,114,122,106,2,addition
110,10,11,15,7,4,division
9,10,90,100,80,2,multiplication
6,10,60,64,56,2,multiplication
38,92,130,135,125,4,addition
67,37,30,38,22,4,subtraction
8,80,88,95,81,4,addition
87,30,57,66,48,4,subtraction
79,58,21,29,13,4,subtraction
58,68,126,131,121,4,addition
68,2,66,73,59,2,subtraction
14,30,44,52,36,2,addition
62,23,39,47,31,3,subtraction
81,55,136,141,131,4,addition
1,1,1,8,-6,3,multiplication
39,7,32,36,28,4,subtraction
21,12,9,15,3,4,subtraction
18,3,6,9,3,2,division
62,23,85,92,78,2,addition
10,5,2,10,-6,2,division
45,92,137,140,134,4,addition
12,12,1,10,-8,4,division
4,37,41,51,31,4,addition
59,24,35,38,32,2,subtraction
39,86,125,130,120,4,addition
20,54,74,77,71,4,addition
78,46,32,40,24,2,subtraction
88,8,11,15,7,3,division
77,32,45,55,35,4,subtraction
14,2,7,14,0,2,division
44,10,54,61,47,3,addition
33,11,3,8,-2,2,division
23,39,62,69,55,3,addition
49,63,112,116,108,4,addition
93,26,119,127,111,2,addition
18,9,2,11,-7,3,division
73,2,71,76,66,3,subtraction
20,11,9,14,4,4,subtraction
98,63,161,168,154,3,addition
40,5,8,12,4,3,division
79,75,154,164,144,2,addition
9,1,9,14,4,3,division
72,71,143,149,137,3,addition
76,100,176,183,169,2,addition
99,61,38,48,28,3,subtraction
47,74,121,128,114,3,addition
18,9,2,5,-1,2,division
96,60,36,41,31,2,subtraction
72,47,25,34,16,4,subtraction
8,2,16,26,6,2,multiplication
60,22,82,88,76,3,addition
86,62,24,31,17,4,subtraction
36,6,6,9,3,2,division
9,2,18,24,12,4,multiplication
77,11,7,17,-3,3,division
100,100,0,9,-9,2,subtraction
53,47,100,105,95,3,addition
21,36,57,67,47,2,addition
10,6,60,66,54,4,multiplication
14,7,2,5,-1,2,division
4,2,2,8,-4,3,division
83,10,73,83,63,3,subtraction
45,43,88,93,83,4,addition
75,7,68,75,61,4,subtraction
4,5,20,26,14,3,multiplication
29,18,47,50,44,4,addition
43,35,8,16,0,3,subtraction
97,15,82,86,78,3,subtraction
50,10,40,43,37,3,subtraction
37,69,106,110,102,2,addition
34,28,62,70,54,4,addition
90,49,41,51,31,4,subtraction
50,90,140,148,132,4,addition
46,8,54,64,44,4,addition
10,4,40,44,36,3,multiplication
68,36,32,37,27,3,subtraction
70,15,55,64,46,2,subtraction
25,55,80,90,70,3,addition
45,15,60,69,51,3,addition
47,42,5,11,-1,2,subtraction
87,81,6,13,-1,3,subtraction
2,4,8,16,0,3,multiplication
97,54,151,158,144,4,addition
98,26,72,81,63,2,subtraction
80,72,8,13,3,4,subtraction
73,25,48,51,45,3,subtraction
55,51,4,13,-5,3,subtraction
66,7,59,62,56,4,subtraction
80,51,29,36,22,3,subtraction
8,4,32,36,28,2,multiplication
68,59,9,17,1,2,subtraction
49,10,59,69,49,4,addition
61,45,16,24,8,4,subtraction
68,41,27,34,20,4,subtraction
47,35,12,20,4,2,subtraction
97,30,67,77,57,3,subtraction
17,10,7,16,-2,2,subtraction
9,3,3,8,-2,3,division
78,54,132,138,126,2,addition
47,35,12,17,7,2,subtraction
1,8,8,18,-2,2,multiplication
95,6,89,99,79,2,subtraction
89,45,44,54,34,3,subtraction
39,0,39,48,30,3,subtraction
87,57,144,152,136,2,addition
36,96,132,135,129,3,addition
8,8,64,70,58,3,multiplication
33,11,3,8,-2,3,division
53,4,57,60,54,4,addition
98,80,18,21,15,3,subtraction
32,64,96,99,93,4,addition
8,5,3,10,-4,4,subtraction
99,7,92,99,85,2,subtraction
88,20,108,116,100,4,addition
63,50,13,18,8,4,subtraction
36,25,61,64,58,4,addition
24,2,12,21,3,4,division
9,20,29,38,20,3,addition
3,7,21,31,11,4,multiplication
35,0,35,40,30,4,subtraction
4,4,16,25,7,4,multiplication
25,3,22,26,18,2,subtraction
81,9,9,18,0,3,division
92,3,89,92,86,4,subtraction
78,35,43,49,37,4,subtraction
79,21,58,61,55,3,subtraction
42,35,77,80,74,3,addition
88,66,22,26,18,3,subtraction
93,88,5,10,0,3,subtraction
71,64,135,145,125,3,addition
43,30,13,18,8,2,subtraction
132,11,12,22,2,2,division
43,87,130,139,121,2,addition
76,58,18,24,12,2,subtraction
9,84,93,103,83,2,addition
66,12,54,57,51,4,subtraction
89,81,8,12,4,3,subtraction
83,44,39,49,29,2,subtraction
90,33,123,133,113,3,addition
95,35,130,134,126,4,addition
81,93,174,177,171,2,addition
65,71,136,139,133,2,addition
13,8,21,26,16,2,addition
90,10,9,17,1,2,division
20,52,72,78,66,4,addition
65,10,55,61,49,4,subtraction
5,4,20,23,17,4,multiplication
99,34,133,138,128,2,addition
86,27,59,67,51,3,subtraction
52,20,32,42,22,4,subtraction
21,19,2,6,-2,4,subtraction
50,21,29,36,22,2,subtraction
19,18,1,7,-5,2,subtraction
16,2,8,15,1,4,division
27,32,59,68,50,4,addition
33,57,90,100,80,2,addition
48,4,12,21,3,4,division
90,9,10,20,0,2,division
63,34,29,32,26,2,subtraction
47,0,47,57,37,3,subtraction
67,92,159,165,153,2,addition
8,1,8,18,-2,3,division
99,47,52,62,42,2,subtraction
70,59,11,15,7,2,subtraction
83,1,84,90,78,4,addition
85,10,95,104,86,3,addition
2,70,72,80,64,4,addition
90,9,10,17,3,2,division
43,26,17,23,11,2,subtraction
96,94,190,199,181,2,addition
48,18,30,38,22,4,subtraction
37,33,70,75,65,3,addition
89,22,67,74,60,3,subtraction
72,29,43,51,35,4,subtraction
31,44,75,78,72,2,addition
34,53,87,95,79,2,addition
20,96,116,119,113,3,addition
83,65,148,154,142,4,addition
58,6,52,62,42,4,subtraction
48,54,102,110,94,4,addition
87,60,27,34,20,4,subtraction
53,85,138,147,129,4,addition
12,12,1,9,-7,4,division
27,9,3,10,-4,3,division
84,3,81,89,73,3,subtraction
95,84,11,16,6,3,subtraction
24,8,3,10,-4,3,division
44,98,142,151,133,2,addition
55,100,155,160,150,2,addition
40,10,4,8,0,3,division
57,18,39,46,32,2,subtraction
89,76,13,22,4,3,subtraction
81,86,167,171,163,4,addition
8,5,40,47,33,3,multiplication
65,47,18,24,12,2,subtraction
53,54,107,111,103,2,addition
16,2,8,13,3,3,division
39,61,100,105,95,2,addition
4,6,24,31,17,4,multiplication
45,5,9,19,-1,3,division
40,23,17,26,8,3,subtraction
33,92,125,133,117,3,addition
8,2,4,12,-4,4,division
40,24,16,25,7,3,subtraction
99,27,126,132,120,4,addition
59,47,12,17,7,3,subtraction
88,8,11,20,2,4,division
144,12,12,16,8,3,division
97,64,161,164,158,2,addition
86,51,35,44,26,4,subtraction
61,0,61,67,55,3,subtraction
69,70,139,146,132,4,addition
61,55,6,16,-4,4,subtraction
5,1,5,15,-5,2,division
51,37,14,19,9,2,subtraction
56,26,30,33,27,4,subtraction
34,73,107,112,102,3,addition
43,40,83,89,77,2,addition
7,3,21,27,15,2,multiplication
98,3,95,103,87,2,subtraction
17,42,59,68,50,4,addition
3,2,6,13,-1,2,multiplication
76,69,145,151,139,3,addition
33,9,24,31,17,4,subtraction
48,4,12,15,9,4,division
14,26,40,49,31,2,addition
99,0,99,106,92,2,addition
93,78,15,24,6,2,subtraction
64,49,113,117,109,4,addition
90,9,10,14,6,3,division
62,33,29,34,24,4,subtraction
13,71,84,93,75,4,addition
27,65,92,99,85,4,addition
55,0,55,59,51,3,subtraction
99,9,11,15,7,2,division
10,2,5,12,-2,3,division
39,74,113,119,107,2,addition
10,89,99,103,95,3,addition
63,81,144,148,140,2,addition
36,36,0,5,-5,2,subtraction
58,41,17,27,7,4,subtraction
35,39,74,78,70,3,addition
24,12,2,9,-5,2,division
48,68,116,123,109,3,addition
1,66,67,72,62,4,addition
72,6,66,76,56,2,subtraction
82,9,73,78,68,3,subtraction
81,32,49,55,43,2,subtraction
8,0,8,17,-1,2,subtraction
48,43,5,12,-2,4,subtraction
70,10,7,14,0,3,division
60,5,12,15,9,4,division
83,32,115,124,106,4,addition
91,6,97,101,93,4,addition
15,90,105,114,96,3,addition
10,32,42,45,39,2,addition
8,1,8,14,2,2,multiplication
10,21,31,34,28,3,addition
49,74,123,130,116,3,addition
53,9,44,48,40,4,subtraction
68,3,71,80,62,3,addition
33,11,3,12,-6,3,division
9,6,54,58,50,2,multiplication
93,80,13,17,9,2,subtraction
7,10,70,79,61,3,multiplication
120,12,10,16,4,2,division
93,14,79,89,69,4,subtraction
65,17,48,55,41,4,subtraction
82,96,178,181,175,4,addition
3,3,1,4,-2,3,division
38,78,116,126,106,4,addition
79,36,115,122,108,4,addition
97,2,99,109,89,3,addition
699,208,907,927,887,6,addition
718.65,351.27,1069.92,1069.79,1069.74,6,addition
99.4,12,1192.8,1192.76,1192.93,5,multiplication
737.72,933.89,-196.17,-196.31,-196.36,6,subtraction
796,233,563,577,549,6,subtraction
64.12,10.93,53.19,53.2,53.07,5,subtraction
436,958,417688,417703,417673,6,multiplication
182,401,72982,73000,72964,5,multiplication
95.89,12,1150.68,1150.72,1150.78,5,multiplication
492,83,409,420,398,6,subtraction
83.38,30.76,114.14,114.31,113.99,5,addition
74.69,28.51,103.2,103.32,103.03,5,addition
42,6,7,21,-7,6,division
1.1,4,4.4,4.58,4.36,5,multiplication
686,20,34.3,34.4,34.31,6,division
635.61,299.02,336.59,336.43,336.52,6,subtraction
567,162,405,416,394,5,subtraction
427,349,776,795,757,6,addition
625,455,284375,284386,284364,5,multiplication
30,3,10,24,-4,6,division
321.67,808.9,1130.57,1130.74,1130.71,6,addition
96,12,8,13,3,6,division
8.38,19,159.22,159.11,158.22,5,multiplication
641,665,1306,1320,1292,5,addition
10.22,4,40.88,40.83,40.69,5,multiplication
865,440,425,437,413,6,subtraction
877.55,888.17,-10.62,-10.51,-10.52,6,subtraction
499.05,791.36,1290.41,1290.32,1290.39,6,addition
1053.45,15,70.23,70.14,70.28,6,division
50.17,14,702.38,702.21,702.58,6,multiplication
4,108,432,450,414,6,multiplication
40.27,17,684.59,684.43,684.6,5,multiplication
80,8,10,30,-10,6,division
72,6,12,23,1,6,division
701,755,1456,1476,1436,5,addition
57.51,24.5,82.01,81.86,82.13,5,addition
68.67,18,1236.06,1236.19,1236.21,6,multiplication
686.46,17,40.38,40.5,40.5,5,division
7.22,30.45,-23.23,-23.41,-23.09,5,subtraction
865,171,694,706,682,6,subtraction
763,141,622,641,603,5,subtraction
411.66,18,22.87,22.85,22.98,5,division
48.99,15,734.85,735.03,734.71,5,multiplication
888,811,77,97,57,6,subtraction
667,677,1344,1358,1330,6,addition
628,404,1032,1040,1024,5,addition
703.52,582.86,1286.38,1287.38,1286.41,6,addition
24.63,93.24,-68.61,-68.68,-68.52,6,subtraction
183.1,5,36.62,36.61,36.5,5,division
95.17,20.03,75.14,75.11,75.23,5,subtraction
331,285,94335,94353,94317,5,multiplication
174.24,3,58.08,57.88,57.95,6,division
996,431,1427,1435,1419,6,addition
234.12,12,19.51,19.57,19.7,6,division
16,8,2,13,-9,5,division
121,11,11,26,-4,5,division
89.84,14,1257.76,1257.62,1257.86,5,multiplication
1786,20,89.3,89.22,89.24,6,division
261.04,855.64,-594.6,-594.7,-594.42,6,subtraction
782.23,19,41.17,41.25,40.97,6,division
72,8,9,24,-6,6,division
10,10,1,9,-7,5,division
956,715,683540,683554,683526,5,multiplication
669.68,8,83.71,83.8,83.68,6,division
785,345,270825,270844,270806,6,multiplication
158.73,13,12.21,12.39,12.31,5,division
793,578,215,225,205,5,subtraction
728.59,508.33,220.26,220.38,220.19,6,subtraction
71.22,10,712.2,712.05,712.37,5,multiplication
232.4,8,29.05,29.11,28.97,6,division
59.65,49.1,108.75,108.74,108.85,5,addition
522.04,326.23,848.27,848.17,848.2,6,addition
380,59,439,458,420,5,addition
605,519,86,93,79,5,subtraction
559,953,1512,1521,1503,5,addition
551.46,147.93,403.53,403.45,403.68,6,subtraction
55.79,15,836.85,836.84,835.85,6,multiplication
732.9,15,48.86,48.85,48.9,5,division
646,245,158270,158280,158260,5,multiplication
37.32,8,298.56,298.46,298.62,6,multiplication
571,861,1432,1443,1421,5,addition
581,54,635,655,615,6,addition
8,4,2,14,-10,6,division
96,811,77856,77873,77839,6,multiplication
44.9,14,628.6,628.75,628.7,5,multiplication
13.16,97.4,-84.24,-84.27,-84.37,5,subtraction
965,376,589,607,571,6,subtraction
12,6,2,10,-6,5,division
54,952,1006,1012,1000,5,addition
236.4,12,19.7,19.8,19.72,5,division
927,139,788,797,779,6,subtraction
762,25,737,742,732,6,subtraction
810.97,594.41,216.56,216.74,216.7,6,subtraction
415,91,324,330,318,5,subtraction
59.01,83.16,142.17,142.04,142.28,5,addition
32.25,18,580.5,580.48,580.33,5,multiplication
183.18,3,61.06,61.02,61.05,5,division
953,633,320,327,313,6,subtraction
369.9,9,41.1,41.28,41.27,5,division
673.12,965.13,1638.25,1638.27,1638.15,6,addition
68.09,9,612.81,612.98,612.89,5,multiplication
36,4,9,23,-5,6,division
701,532,169,189,149,6,subtraction
1025.6,16,64.1,63.93,64.13,5,division
53.36,33.38,86.74,86.87,86.88,5,addition
273,310,583,602,564,6,addition
196.18,52.96,143.22,143.06,143.07,6,subtraction
265.1,5,53.02,53.19,52.88,6,division
16,8,2,7,-3,6,division
390,219,609,618,600,5,addition
820,498,322,339,305,6,subtraction
14.99,81.16,96.15,96.11,96.05,5,addition
555.02,137.36,692.38,692.34,692.45,6,addition
44,11,4,14,-6,5,division
7.89,13,102.57,102.66,102.4,5,multiplication
855,967,826785,826799,826771,5,multiplication
388,239.68,148.32,148.44,148.45,6,subtraction
85.44,19,1623.36,1623.42,1623.54,6,multiplication
88.86,17.71,71.15,71.12,71.16,5,subtraction
394,90,484,493,475,6,addition
694,293,401,413,389,5,subtraction
7.45,16,119.2,120.2,119.3,6,multiplication
679.14,7,97.02,97.17,97.22,5,division
780,686,535080,535085,535075,6,multiplication
77.87,12,934.44,934.54,934.49,6,multiplication
672,492,180,196,164,6,subtraction
101,43,144,156,132,6,addition
759.77,11,69.07,69.26,68.95,6,division
241.6,8,30.2,30.1,30.21,6,division
438.31,922.08,-483.77,-483.88,-483.68,6,subtraction
289,560,849,856,842,5,addition
441.13,423.82,17.31,17.16,17.42,6,subtraction
359.04,11,32.64,32.7,32.54,5,division
353.01,7,50.43,50.46,49.43,6,division
580.3,10,58.03,57.93,58.2,6,division
510.48,459.48,51,50.93,51.15,6,subtraction
12,1,12,32,-8,6,division
929,114,815,829,801,6,subtraction
40,5,8,22,-6,6,division
234,56,178,183,173,5,subtraction
40.45,9,364.05,364.24,363.94,5,multiplication
286.02,7,40.86,40.99,40.71,6,division
273.92,16,17.12,17.11,17,6,division
141,760,107160,107173,107147,5,multiplication
78.18,91.39,169.57,169.49,169.7,5,addition
523,327,850,865,835,6,addition
43.67,10,436.7,436.52,436.59,6,multiplication
547,155,392,401,383,5,subtraction
27,9,3,22,-16,6,division
8,8,1,19,-17,6,division
99,9,11,28,-6,5,division
609.14,820.01,1429.15,1429.17,1429.07,6,addition
50,10,5,20,-10,6,division
1740.6,20,87.03,86.96,86.98,6,division
830.72,11,75.52,76.52,75.6,5,division
87.67,26.07,61.6,61.74,61.45,5,subtraction
7,7,1,21,-19,5,division
59.98,12,719.76,719.73,719.72,6,multiplication
74.53,94.71,169.24,169.32,169.35,5,addition
94.47,74.3,168.77,168.87,168.65,5,addition
1089.12,12,90.76,90.82,90.86,6,division
742.8,158.29,584.51,584.48,584.4,6,subtraction
993,535,531255,531274,531236,6,multiplication
225.2,807.83,-582.63,-582.73,-582.66,6,subtraction
852,971,1823,1829,1817,6,addition
52.88,7.68,60.56,60.72,60.37,5,addition
910.36,86.41,823.95,824.05,823.94,6,subtraction
12,1,12,25,-1,6,division
74.62,98.38,173,172.82,172.97,5,addition
542.55,138.86,681.41,681.27,681.59,6,addition
975,256,249600,249620,249580,5,multiplication
177,208,385,391,379,6,addition
30.94,9.75,21.19,21.33,21.31,5,subtraction
72.27,188.89,261.16,261.26,261.22,6,addition
35,7,5,13,-3,6,division
995,96,95520,95525,95515,5,multiplication
892,163,145396,145401,145391,5,multiplication
677.04,488.24,1165.28,1165.23,1165.42,6,addition
539,530,1069,1081,1057,5,addition
17.29,18.95,36.24,36.39,36.13,5,addition
283.08,719.03,1002.11,1002.14,1001.93,6,addition
12,3,4,24,-16,6,division
14,7,2,13,-9,6,division
631,59,572,590,554,5,subtraction
129,906,116874,116886,116862,6,multiplication
661,375,1036,1043,1029,6,addition
82.78,1,82.78,82.58,82.89,6,multiplication
75.72,16,1211.52,1211.54,1211.63,6,multiplication
42,6,7,23,-9,5,division
591,943,557313,557322,557304,6,multiplication
14.95,17.74,-2.79,-2.87,-2.98,5,subtraction
56.91,20,1138.2,1138.12,1138.38,5,multiplication
47.39,171.09,-123.7,-123.63,-123.66,6,subtraction
668.45,370.53,297.92,298.05,298.08,6,subtraction
20,2,10,19,1,5,division
37,254,291,305,277,6,addition
12.82,10,128.2,128.06,128.31,6,multiplication
847.91,302.86,545.05,544.92,545.02,6,subtraction
875.38,11,79.58,79.68,79.52,6,division
505.04,710.92,1215.96,1215.8,1216.04,6,addition
119.46,2,59.73,59.79,59.85,6,division
746,113,859,872,846,6,addition
934.32,754.21,180.11,180.1,180.24,6,subtraction
980,637,343,355,331,5,subtraction
4,1,4,13,-5,5,division
7,1,7,14,0,5,division
3,1,3,19,-13,6,division
290,67,223,228,218,6,subtraction
70.4,15,1056,1055.84,1055.91,5,multiplication
965,949,16,32,0,6,subtraction
35,7,5,21,-11,5,division
31.82,2,63.64,63.47,63.7,6,multiplication
66.14,64.96,1.18,1.34,1.22,5,subtraction
64,8,8,18,-2,5,division
481,366,847,852,842,5,addition
20,2,10,21,-1,5,division
903,319,584,591,577,6,subtraction
4,2,2,8,-4,6,division
754,940,1694,1710,1678,5,addition
60.34,1.22,61.56,61.63,61.62,5,addition
10,10,1,11,-9,5,division
48.07,13,624.91,624.88,625.01,6,multiplication
71.85,4.03,67.82,67.81,67.87,5,subtraction
20,4,5,19,-9,6,division
70.74,9,7.86,7.79,7.68,6,division
969,524,445,452,438,5,subtraction
349,573,922,935,909,5,addition
376.74,780.84,1157.58,1157.49,1157.41,6,addition
796,611,185,197,173,5,subtraction
507,791,1298,1305,1291,5,addition
641,823,1464,1477,1451,6,addition
194.64,12,16.22,16.32,16.09,6,division
739,40,779,798,760,5,addition
66.86,77.09,143.95,143.98,143.75,5,addition
443,524,232132,232152,232112,6,multiplication
9,1,9,14,4,5,division
995,19,18905,18925,18885,5,multiplication
927,20,46.35,46.38,46.25,6,division
709,471,238,254,222,6,subtraction
182.9,524.14,-341.24,-341.1,-341.21,6,subtraction
568,970,1538,1547,1529,5,addition
781,95,686,698,674,5,subtraction
728,733,1461,1476,1446,6,addition
37.09,55.74,92.83,92.8,91.83,5,addition
394.15,185.41,579.56,579.43,579.43,6,addition
30.39,17,516.63,516.49,515.63,5,multiplication
14.99,78.49,93.48,93.62,93.46,5,addition
59.37,87.45,146.82,146.65,146.77,5,addition
459,898,1357,1372,1342,6,addition
59,500,29500,29519,29481,6,multiplication
118.8,6,19.8,19.66,19.75,6,division
95.68,17,1626.56,1626.69,1626.42,5,multiplication
848,862,730976,730984,730968,5,multiplication
703,369,1072,1085,1059,6,addition
56,7,8,24,-8,5,division
136.76,195.9,-59.14,-59.32,-59.28,6,subtraction
116.15,5,23.23,23.05,23.24,6,division
994,746,248,260,236,5,subtraction
15.73,44.57,-28.84,-28.8,-28.97,5,subtraction
3.76,64.92,68.68,68.76,68.79,5,addition
892,345,307740,307753,307727,5,multiplication
297,516.42,-219.42,-219.29,-219.61,6,subtraction
172,774,946,960,932,6,addition
506.15,173.3,679.45,679.37,679.31,6,addition
51.82,3,155.46,155.64,155.29,5,multiplication
142.54,937.82,-795.28,-795.3,-796.28,6,subtraction
734,444,290,302,278,6,subtraction
685,211,144535,144549,144521,6,multiplication
31.44,29.9,1.54,1.62,1.6,5,subtraction
92.99,17.21,75.78,75.72,74.78,5,subtraction
82.51,836.07,-753.56,-753.74,-753.7,6,subtraction
22.37,5,111.85,111.78,111.92,6,multiplication
98.8,64.31,34.49,34.33,34.51,5,subtraction
88.9,8,711.2,711.11,711.27,6,multiplication
541.52,40.65,500.87,501,500.96,6,subtraction
212.24,14,15.16,14.98,15.15,5,division
45,420,465,477,453,6,addition
8.12,30.23,-22.11,-22.04,-22.14,5,subtraction
187,106,81,87,75,5,subtraction
12.45,4,49.8,49.69,49.61,6,multiplication
20,10,2,20,-16,6,division
853.94,914.25,1768.19,1768.26,1768.38,6,addition
1,1,1,15,-13,5,division
682,299,383,400,366,5,subtraction
155,75,11625,11642,11608,6,multiplication
37.42,86.08,123.5,123.63,123.45,5,addition
680,124,84320,84336,84304,5,multiplication
9,9,1,16,-14,6,division
632.1,155.49,787.59,787.55,787.62,6,addition
1313.47,19,69.13,69.07,68.99,6,division
618,682,421476,421484,421468,5,multiplication
986,745,241,261,221,5,subtraction
63.64,66.97,130.61,130.53,130.46,5,addition
41.94,8,335.52,335.43,335.7,5,multiplication
3.1,11,34.1,34.02,33.95,5,multiplication
278.45,5,55.69,55.49,55.8,6,division
79.9,11,878.9,878.75,879.04,5,multiplication
699,136,563,576,550,5,subtraction
36,4,9,19,-1,5,division
437,127,564,571,557,6,addition
257,670,172190,172195,172185,5,multiplication
267,955,1222,1234,1210,5,addition
12.06,9,1.34,1.47,1.44,5,division
703.89,218.49,485.4,485.27,485.57,6,subtraction
82.29,1,82.29,82.22,82.43,5,multiplication
236.52,12,19.71,19.57,19.62,5,division
232.56,9,25.84,25.99,25.86,6,division
73,338,411,429,393,6,addition
272,30,302,311,293,6,addition
404,461,186244,186261,186227,6,multiplication
651.56,14,46.54,46.41,45.54,5,division
18,9,2,21,-17,5,division
862,730,132,138,126,5,subtraction
39.58,17,672.86,672.83,672.76,6,multiplication
24,3,8,18,-2,5,division
146.03,667.25,813.28,813.47,813.18,6,addition
356,347,9,16,2,5,subtraction
903,120,1023,1038,1008,6,addition
65.8,14,921.2,921.02,921.15,5,multiplication
740,411,329,340,318,6,subtraction
112.51,861.78,-749.27,-749.24,-749.15,6,subtraction
401,981,393381,393388,393374,5,multiplication
2,2,1,20,-18,5,division
89.3,16,1428.8,1428.92,1428.68,5,multiplication
71.72,564.65,636.37,636.39,636.5,6,addition
742.29,736.86,5.43,5.48,5.32,6,subtraction
698,567,131,149,113,5,subtraction
74.74,39.54,114.28,114.4,114.44,5,addition
24,8,3,14,-8,6,division
23.39,8.85,32.24,32.31,32.08,5,addition
55,11,5,16,-6,5,division
752.5,14,53.75,53.58,53.86,6,division
40,795,31800,31816,31784,6,multiplication
25,5,5,25,-15,6,division
591.45,417.51,1008.96,1008.77,1009.09,6,addition
242,664,160688,160704,160672,5,multiplication
554,51,28254,28272,28236,6,multiplication
522.78,6,87.13,86.99,87.24,6,division
330,655,985,994,976,5,addition
6,2,3,13,-7,6,division
286,219,67,80,54,6,subtraction
226.45,757.35,983.8,983.97,983.98,6,addition
94.13,83.32,10.81,10.92,10.78,5,subtraction
48,4,12,28,-4,6,division
892,208,185536,185549,185523,5,multiplication
16.84,95.57,112.41,112.4,112.26,5,addition
98.74,10,987.4,987.52,987.58,6,multiplication
87.74,20,1754.8,1754.76,1754.85,6,multiplication
580.02,14,41.43,41.47,41.26,5,division
214,694,908,916,900,5,addition
906,438,396828,396845,396811,5,multiplication
841,936,787176,787185,787167,5,multiplication
97.75,4,391,392,391.12,5,multiplication
247.32,3,82.44,82.26,82.3,6,division
227.03,609.06,836.09,836.24,835.96,6,addition
1.51,16,24.16,24.03,24.14,5,multiplication
334.85,827.87,1162.72,1162.82,1162.73,6,addition
219.52,864.35,-644.83,-644.87,-644.84,6,subtraction
1594.09,17,93.77,93.81,93.6,5,division
560,849,1409,1425,1393,5,addition
426.64,577.78,1004.42,1004.52,1004.3,6,addition
54.23,14,759.22,759.31,759.33,5,multiplication
743.75,17,43.75,43.69,43.62,5,division
641,980,1621,1630,1612,6,addition
99,11,9,25,-7,6,division
6.19,78.86,85.05,85.14,84.86,5,addition
926,885,819510,819524,819496,5,multiplication
426.16,7,60.88,60.82,61.06,6,division
575,651,374325,374330,374320,6,multiplication
27.14,17,461.38,461.43,461.19,5,multiplication
5.76,6,34.56,34.71,34.58,5,multiplication
515.08,829.5,1344.58,1344.49,1344.6,6,addition
38.76,2,77.52,77.47,77.43,6,multiplication
916,202,1118,1137,1099,6,addition
148,60,208,227,189,6,addition
30.62,10,306.2,306.17,306.25,5,multiplication
43.97,73.84,-29.87,-29.88,-29.71,5,subtraction
26.9,1.18,25.72,25.87,25.77,5,subtraction
320.26,652.14,972.4,972.55,972.53,6,addition
979,468,458172,458183,458161,6,multiplication
448,174,622,639,605,5,addition
443,841,1284,1294,1274,5,addition
191.24,671.36,-480.12,-480.29,-480.04,6,subtraction
601,204,122604,122609,122599,6,multiplication
48,6,8,20,-4,5,division
60,6,10,15,5,5,division
38.54,10,385.4,385.42,385.54,6,multiplication
71.64,7,501.48,501.34,501.61,6,multiplication
18,792,14256,14271,14241,6,multiplication
43.7,20.08,23.62,23.6,23.72,5,subtraction
292,432,724,742,706,5,addition
10.4,80.46,-70.06,-69.88,-69.89,5,subtraction
152,79,12008,12015,12001,6,multiplication
405,874,353970,353977,353963,5,multiplication
12.74,19,242.06,242.19,241.95,5,multiplication
655,173,828,839,817,5,addition
16.97,27.23,44.2,44.07,44.03,5,addition
518,628,1146,1165,1127,6,addition
70.06,408.13,478.19,478.12,478.05,6,addition
8.81,12.37,21.18,21.01,20.18,5,addition
322,823,265006,265023,264989,5,multiplication
592,427,165,172,158,6,subtraction
78.76,4,19.69,19.62,19.78,5,division
393.43,633.19,-239.76,-239.8,-239.68,6,subtraction
179.34,237.44,416.78,416.89,416.69,6,addition
19.21,17,326.57,327.57,326.71,5,multiplication
79.25,15.92,95.17,95.06,95.16,5,addition
80,8,10,28,-8,5,division
28,7,4,13,-5,6,division
410,98,40180,40194,40166,6,multiplication
83.96,12,1007.52,1007.58,1007.37,5,multiplication
172,37,209,220,198,6,addition
78.26,14,5.59,5.54,5.56,5,division
72,8,9,29,-11,5,division
461.82,541.87,1003.69,1003.61,1003.66,6,addition
30,3,10,21,-1,6,division
644,492,152,157,147,6,subtraction
948.24,648.57,1596.81,1596.88,1596.86,6,addition
804,3,801,814,788,5,subtraction
507.6,8,63.45,63.25,63.47,5,division
23.41,61.26,-37.85,-37.66,-37.94,5,subtraction
89.45,56.88,146.33,146.31,146.38,5,addition
4.14,49.11,53.25,53.23,53.08,5,addition
40.52,15,607.8,607.95,607.67,5,multiplication
54.49,11,599.39,599.4,599.34,5,multiplication
322.68,4,80.67,80.66,80.59,5,division
909,844,65,73,57,5,subtraction
33,11,3,21,-15,6,division
79.67,68.93,148.6,148.49,148.59,5,addition
11,1,11,26,-4,6,division
356,3,353,373,333,6,subtraction
157,786,123402,123409,123395,6,multiplication
1195.04,14,85.36,85.22,85.55,6,division
27,3,9,22,-4,6,division
660,75,585,600,570,5,subtraction
67.02,20,1340.4,1340.39,1340.21,5,multiplication
41.35,93.96,135.31,135.14,135.34,5,addition
272.6,253.8,18.8,18.79,18.65,6,subtraction
55,11,5,10,0,6,division
678.68,48.9,727.58,727.75,727.75,6,addition
108,12,9,14,4,5,division
67.48,912.91,-845.43,-845.37,-845.34,6,subtraction
851,690,1541,1548,1534,6,addition
93.19,76.7,169.89,169.98,170,5,addition
67.24,20,1344.8,1344.9,1344.69,5,multiplication
84.91,8.25,76.66,76.62,76.81,5,subtraction
25,5,5,18,-8,5,division
772,640,132,141,123,5,subtraction
794.85,783.09,1577.94,1577.84,1578.07,6,addition
719.19,9,79.91,79.8,79.74,5,division
58.99,4,235.96,236.96,236.09,5,multiplication
37.56,1,37.56,37.53,37.69,6,division
898.2,10,89.82,89.73,89.76,5,division
141,877,1018,1032,1004,5,addition
411,184,595,608,582,5,addition
7,7,1,9,-7,6,division
8.89,95.93,-87.04,-86.92,-86.93,5,subtraction
603,500,301500,301520,301480,6,multiplication
65,97,6305,6320,6290,5,multiplication
30,3,10,23,-3,6,division
88.41,6,530.46,530.32,530.44,6,multiplication
698,737,514426,514435,514417,6,multiplication
46.57,10,465.7,465.57,465.75,6,multiplication
995,672,323,340,306,5,subtraction
95.67,10,956.7,956.75,956.66,6,multiplication
780.86,569.45,211.41,211.34,211.55,6,subtraction
160,721,881,888,874,5,addition
49.12,13,638.56,638.53,638.64,5,multiplication
76.99,17,1308.83,1308.81,1308.8,6,multiplication
986.01,595.33,390.68,390.55,390.61,6,subtraction
663.42,894.29,-230.87,-230.83,-230.98,6,subtraction
673,641,32,37,27,6,subtraction
668,314,354,364,344,5,subtraction
33.12,62.31,95.43,95.5,95.39,5,addition
550,412,226600,226606,226594,5,multiplication
88.83,43.74,45.09,46.09,44.96,5,subtraction
352.98,868.69,1221.67,1221.65,1221.63,6,addition
539,265,804,822,786,6,addition
488.33,497.49,985.82,985.9,985.71,6,addition
27.79,12,333.48,333.43,333.31,5,multiplication
690,626,64,77,51,6,subtraction
51.52,2,25.76,25.77,25.59,6,division
342,111,453,470,436,5,addition
7.65,12,91.8,91.85,91.93,5,multiplication
793,673,1466,1477,1455,5,addition
99.54,48.11,51.43,51.63,51.57,5,subtraction
40.43,14,566.02,566.07,566.14,6,multiplication
8.22,2,4.11,3.92,4.27,5,division
60.91,65.19,-4.28,-4.39,-4.45,5,subtraction
1299.04,16,81.19,81.23,81.16,5,division
132,12,11,24,-2,6,division
719,533,186,205,167,5,subtraction
90.96,61.82,29.14,29.28,29.32,5,subtraction
34,278,9452,9468,9436,5,multiplication
36.81,96,-59.19,-59.33,-59.3,5,subtraction
74,949,1023,1043,1003,5,addition
592.18,879.01,-286.83,-286.89,-286.87,6,subtraction
58.57,8.05,66.62,66.59,66.65,5,addition
5.64,78.76,-73.12,-73.17,-72.99,5,subtraction
557,698,388786,388800,388772,6,multiplication
571,255,316,324,308,5,subtraction
111,907,100677,100697,100657,5,multiplication
651,202,449,460,438,5,subtraction
357,374,731,751,711,5,addition
54.75,15,821.25,821.2,821.38,6,multiplication
194.16,22.45,216.61,216.5,216.45,6,addition
91.82,19,1744.58,1745.58,1744.61,6,multiplication
548,872,1420,1426,1414,5,addition
7,7,1,13,-11,5,division
52.93,76.56,-23.63,-23.49,-23.53,5,subtraction
213,233,446,463,429,6,addition
734,506,371404,371419,371389,5,multiplication
557,144,413,430,396,5,subtraction
73.72,8.99,82.71,82.67,82.72,5,addition
2.75,20,55,55.12,55.03,5,multiplication
7.84,30.23,38.07,38.17,37.97,5,addition
85.84,596.82,-510.98,-511.03,-510.91,6,subtraction
82.71,6.93,89.64,89.77,89.78,5,addition
921,106,815,820,810,6,subtraction
39.27,18,706.86,706.7,706.85,5,multiplication
985.4,10,98.54,98.74,98.35,6,division
366.96,454.7,821.66,821.78,821.48,6,addition
95.32,74.38,169.7,169.72,169.66,5,addition
76.98,8,615.84,616.03,615.99,6,multiplication
455,310,141050,141055,141045,5,multiplication
420,727,305340,305359,305321,5,multiplication
83.39,5.66,77.73,77.78,77.82,5,subtraction
98.83,13,1284.79,1284.94,1284.69,6,multiplication
14,2,7,20,-6,5,division
17.99,9.6,8.39,8.32,8.27,5,subtraction
99,11,9,18,0,6,division
90.39,336.79,427.18,427.27,427.1,6,addition
466,809,1275,1281,1269,6,addition
12,2,6,24,-12,5,division
275,102,377,396,358,5,addition
90.59,4,362.36,362.17,362.45,6,multiplication
108,651,70308,70313,70303,5,multiplication
607,417,190,199,181,6,subtraction
430,547,977,988,966,5,addition
84,12,7,20,-6,5,division
201,147,348,368,328,5,addition
99.64,14,1394.96,1394.77,1394.84,6,multiplication
659,69,728,741,715,5,addition
817,377,440,447,433,6,subtraction
982.54,13,75.58,75.77,75.46,5,division
691,688,1379,1390,1368,5,addition
5,5,1,8,-6,5,division
95.53,379.46,-283.93,-284.04,-283.99,6,subtraction
33,3,11,30,-8,6,division
266.65,782.87,1049.52,1049.38,1049.51,6,addition
977,150,146550,146559,146541,6,multiplication
113.58,6,18.93,18.9,19.09,5,division
907,991,1898,1911,1885,5,addition
977,272,705,713,697,5,subtraction
88.56,60.69,149.25,149.05,149.27,5,addition
299.37,497.07,796.44,796.47,796.56,6,addition
802,226,181252,181265,181239,5,multiplication
29.67,17,504.39,504.34,504.57,5,multiplication
953.04,72.88,1025.92,1025.73,1025.87,6,addition
83.99,2,167.98,168.01,167.89,5,multiplication
537.29,913.55,1450.84,1450.96,1450.73,6,addition
280.29,489.23,769.52,769.44,769.37,6,addition
54.11,7,378.77,379.77,378.6,6,multiplication
446.4,198.29,248.11,248.08,248.08,6,subtraction
328.5,5,65.7,65.55,65.79,5,division
1294.28,13,99.56,99.57,99.6,6,division
800.66,14,57.19,57.01,57.2,6,division
70,7,10,27,-7,6,division
63.56,7,9.08,9.07,9.17,5,division
1002.24,16,62.64,62.51,62.78,5,division
42.87,6,257.22,257.02,257.27,6,multiplication
918,314,1232,1252,1212,6,addition
568,476,92,104,80,5,subtraction
43.83,78.64,122.47,122.37,122.4,5,addition
16,8,2,18,-14,6,division
98.76,11,87.76,87.64,87.84,5,subtraction
754.57,158.54,913.11,913.28,913.16,6,addition
209,978,1187,1198,1176,5,addition
312.9,15,20.86,20.72,20.76,6,division
80,8,10,19,1,6,division
924,123,801,818,784,5,subtraction
44.37,4,177.48,177.42,177.54,6,multiplication
972,632,1604,1613,1595,6,addition
405,547,952,971,933,5,addition
1145.06,14,81.79,81.68,81.94,5,division
57.34,11,630.74,630.57,630.93,5,multiplication
225.88,901.13,-675.25,-675.42,-675.19,6,subtraction
63.71,13.81,77.52,77.55,77.7,5,addition
556,37,519,526,512,5,subtraction
36.26,2.18,34.08,33.9,33.88,5,subtraction
90,252,22680,22685,22675,6,multiplication
450,517,232650,232667,232633,6,multiplication
11.09,11.11,22.2,22.12,22.39,5,addition
120,12,10,25,-5,5,division
249,118,367,379,355,5,addition
581,187,394,405,383,5,subtraction
1102.68,18,61.26,61.29,61.42,6,division
384.54,562.54,947.08,947.17,947.14,6,addition
77,7,11,20,2,6,division
652.04,38.48,690.52,690.35,690.53,6,addition
64.21,1,64.21,64.39,64.07,6,division
274,138,136,151,121,5,subtraction
12,1,12,31,-7,5,division
4,1,4,20,-12,5,division
921,569,352,363,341,5,subtraction
41.86,65.89,107.75,107.73,107.86,5,addition
110,10,11,29,-7,5,division
29.25,14,409.5,409.69,409.47,5,multiplication
15.95,4,63.8,63.68,63.88,5,multiplication
63,9,7,19,-5,6,division
48.66,3,16.22,16.04,16.11,5,division
137.95,452.82,-314.87,-315.04,-315.01,6,subtraction
394,232,91408,91424,91392,5,multiplication
234,204,30,41,19,6,subtraction
329.64,327.91,1.73,1.79,1.69,6,subtraction
433.58,14,30.97,30.91,30.82,6,division
27.4,96.92,124.32,124.42,124.42,5,addition
60,12,5,24,-14,5,division
139.05,9,15.45,15.28,15.5,6,division
376,227,149,156,142,5,subtraction
726,187,539,547,531,5,subtraction
496,592,1088,1093,1083,5,addition
90.77,52.15,142.92,143.12,142.84,5,addition
32,4,8,23,-7,6,division
273,331,90363,90374,90352,6,multiplication
435.18,915.85,1351.03,1351.13,1351,6,addition
24,4,6,16,-4,6,division
150.96,4,37.74,37.94,37.7,6,division
592,144,448,460,436,5,subtraction
549,534,15,31,-1,5,subtraction
725,138,863,870,856,6,addition
14,2,7,14,0,5,division
1051.7,13,80.9,80.82,80.96,6,division
8,822,6576,6581,6571,5,multiplication
132,11,12,28,-4,5,division
93,531,49383,49403,49363,6,multiplication
46.95,22.36,24.59,24.39,24.54,5,subtraction
917,656,261,270,252,5,subtraction
597,26,571,587,555,5,subtraction
63,9,7,13,1,5,division
19,433,452,458,446,6,addition
58.13,10,581.3,581.17,581.16,5,multiplication
55,5,11,23,-1,6,division
52.38,3,157.14,157.27,156.99,6,multiplication
55.59,3,18.53,18.39,18.54,5,division
766.89,275.45,1042.34,1042.32,1042.41,6,addition
803,467,375001,375007,374995,5,multiplication
13.8,7,96.6,96.77,96.63,6,multiplication
134,558,692,700,684,6,addition
966.26,217.07,1183.33,1184.33,1183.17,6,addition